-- MySQL dump 10.13  Distrib 5.7.29, for macos10.14 (x86_64)
--
-- Host: localhost    Database: jukushin
-- ------------------------------------------------------
-- Server version	5.7.29

/*!40101 SET @OLD_CHARACTER_SET_CLIENT=@@CHARACTER_SET_CLIENT */;
/*!40101 SET @OLD_CHARACTER_SET_RESULTS=@@CHARACTER_SET_RESULTS */;
/*!40101 SET @OLD_COLLATION_CONNECTION=@@COLLATION_CONNECTION */;
/*!40101 SET NAMES utf8 */;
/*!40103 SET @OLD_TIME_ZONE=@@TIME_ZONE */;
/*!40103 SET TIME_ZONE='+00:00' */;
/*!40014 SET @OLD_UNIQUE_CHECKS=@@UNIQUE_CHECKS, UNIQUE_CHECKS=0 */;
/*!40014 SET @OLD_FOREIGN_KEY_CHECKS=@@FOREIGN_KEY_CHECKS, FOREIGN_KEY_CHECKS=0 */;
/*!40101 SET @OLD_SQL_MODE=@@SQL_MODE, SQL_MODE='NO_AUTO_VALUE_ON_ZERO' */;
/*!40111 SET @OLD_SQL_NOTES=@@SQL_NOTES, SQL_NOTES=0 */;

--
-- Table structure for table `companies`
--

DROP TABLE IF EXISTS `companies`;
/*!40101 SET @saved_cs_client     = @@character_set_client */;
/*!40101 SET character_set_client = utf8 */;
CREATE TABLE `companies` (
  `id` int(11) NOT NULL AUTO_INCREMENT,
  `code` varchar(255) NOT NULL,
  `name` varchar(255) NOT NULL,
  `password` varchar(64) NOT NULL,
  PRIMARY KEY (`id`),
  UNIQUE KEY `UK_m1bj83lpw9ykgqyv6wj7krxlo` (`code`)
) ENGINE=MyISAM AUTO_INCREMENT=5 DEFAULT CHARSET=utf8;
/*!40101 SET character_set_client = @saved_cs_client */;

--
-- Dumping data for table `companies`
--

LOCK TABLES `companies` WRITE;
/*!40000 ALTER TABLE `companies` DISABLE KEYS */;
INSERT INTO `companies` VALUES (1,'1','塾生新聞会会','75403E20A0401701AD53C9FDDD1252BE6601168CD82BD8C7CF999BBC38DA1A9A'),(2,'2','あいう','84B6A35E934ECC0F0F84D0C42EA368E40E735A92D7644BB70D1CA92ED0D0C5AB'),(3,'10','塾生新聞会','84B6A35E934ECC0F0F84D0C42EA368E40E735A92D7644BB70D1CA92ED0D0C5AB'),(4,'m','かきく','84B6A35E934ECC0F0F84D0C42EA368E40E735A92D7644BB70D1CA92ED0D0C5AB');
/*!40000 ALTER TABLE `companies` ENABLE KEYS */;
UNLOCK TABLES;

--
-- Table structure for table `issue1`
--

DROP TABLE IF EXISTS `issue1`;
/*!40101 SET @saved_cs_client     = @@character_set_client */;
/*!40101 SET character_set_client = utf8 */;
CREATE TABLE `issue1` (
  `id` int(11) NOT NULL AUTO_INCREMENT,
  `content` longtext,
  `created_at` datetime NOT NULL,
  `decision` int(11) DEFAULT NULL,
  `hake` bigint(20) DEFAULT NULL,
  `hiyoshi` bigint(20) DEFAULT NULL,
  `hiyoshi_a` bigint(20) DEFAULT NULL,
  `mita` bigint(20) DEFAULT NULL,
  `mita_a` bigint(20) DEFAULT NULL,
  `other` bigint(20) DEFAULT NULL,
  `other_a` bigint(20) DEFAULT NULL,
  `rate` double DEFAULT NULL,
  `remain` bigint(20) DEFAULT NULL,
  `updated_at` datetime NOT NULL,
  `vo_decision` int(11) DEFAULT NULL,
  `volumn` bigint(20) DEFAULT NULL,
  `company` int(11) DEFAULT NULL,
  `newspaper` int(11) DEFAULT NULL,
  PRIMARY KEY (`id`),
  KEY `FKks9tsqev5i8a7hsg8rhrk088u` (`company`),
  KEY `FKhdltyaxqg1k8oldpia4rmdpw9` (`newspaper`)
) ENGINE=MyISAM AUTO_INCREMENT=25 DEFAULT CHARSET=utf8;
/*!40101 SET character_set_client = @saved_cs_client */;

--
-- Dumping data for table `issue1`
--

LOCK TABLES `issue1` WRITE;
/*!40000 ALTER TABLE `issue1` DISABLE KEYS */;
INSERT INTO `issue1` VALUES (1,NULL,'2020-08-24 00:03:04',1,900,1301,450,3249,0,450,450,0.18,4100,'2020-08-24 00:03:10',1,5000,4,1),(2,NULL,'2020-08-24 00:03:04',1,451,1301,1,3249,0,450,450,0.0902,4549,'2020-08-24 10:24:09',1,5000,4,2),(3,NULL,'2020-08-24 00:03:04',0,NULL,NULL,0,NULL,0,NULL,NULL,0,NULL,'2020-08-24 00:03:04',0,NULL,4,3),(4,NULL,'2020-08-24 00:03:04',0,NULL,NULL,0,NULL,0,NULL,NULL,0,NULL,'2020-08-24 00:03:04',0,NULL,4,4),(5,NULL,'2020-08-24 00:03:04',0,NULL,NULL,0,NULL,0,NULL,NULL,0,NULL,'2020-08-24 00:03:04',0,NULL,4,5),(6,NULL,'2020-08-24 00:03:04',0,NULL,NULL,0,NULL,0,NULL,NULL,0,NULL,'2020-08-24 00:03:04',0,NULL,4,6),(7,NULL,'2020-08-24 00:03:04',0,NULL,NULL,0,NULL,0,NULL,NULL,0,NULL,'2020-08-24 00:03:04',0,NULL,4,7),(8,NULL,'2020-08-24 00:03:04',0,NULL,NULL,0,NULL,0,NULL,NULL,0,NULL,'2020-08-24 00:03:04',0,NULL,4,8),(9,NULL,'2020-08-24 00:03:04',0,NULL,NULL,0,NULL,0,NULL,NULL,0,NULL,'2020-08-24 00:03:04',0,NULL,4,9),(10,NULL,'2020-08-24 00:03:04',0,NULL,NULL,0,NULL,0,NULL,NULL,0,NULL,'2020-08-24 00:03:04',0,NULL,4,10),(11,NULL,'2020-08-24 00:03:04',0,NULL,NULL,0,NULL,0,NULL,NULL,0,NULL,'2020-08-24 00:03:04',0,NULL,4,11),(12,NULL,'2020-08-24 00:03:04',0,NULL,NULL,0,NULL,0,NULL,NULL,0,NULL,'2020-08-24 00:03:04',0,NULL,4,12),(13,NULL,'2020-08-24 10:31:59',1,450,351,0,3199,0,450,450,0.1125,3550,'2020-08-24 10:32:10',1,4000,4,13),(14,NULL,'2020-08-24 10:31:59',0,NULL,NULL,0,NULL,0,NULL,NULL,0,NULL,'2020-08-24 10:31:59',0,NULL,4,14),(15,NULL,'2020-08-24 10:31:59',0,NULL,NULL,0,NULL,0,NULL,NULL,0,NULL,'2020-08-24 10:31:59',0,NULL,4,15),(16,NULL,'2020-08-24 10:31:59',0,NULL,NULL,0,NULL,0,NULL,NULL,0,NULL,'2020-08-24 10:31:59',0,NULL,4,16),(17,NULL,'2020-08-24 10:31:59',0,NULL,NULL,0,NULL,0,NULL,NULL,0,NULL,'2020-08-24 10:31:59',0,NULL,4,17),(18,NULL,'2020-08-24 10:31:59',0,NULL,NULL,0,NULL,0,NULL,NULL,0,NULL,'2020-08-24 10:31:59',0,NULL,4,18),(19,NULL,'2020-08-24 10:31:59',0,NULL,NULL,0,NULL,0,NULL,NULL,0,NULL,'2020-08-24 10:31:59',0,NULL,4,19),(20,NULL,'2020-08-24 10:31:59',0,NULL,NULL,0,NULL,0,NULL,NULL,0,NULL,'2020-08-24 10:31:59',0,NULL,4,20),(21,NULL,'2020-08-24 10:31:59',0,NULL,NULL,0,NULL,0,NULL,NULL,0,NULL,'2020-08-24 10:31:59',0,NULL,4,21),(22,NULL,'2020-08-24 10:31:59',0,NULL,NULL,0,NULL,0,NULL,NULL,0,NULL,'2020-08-24 10:31:59',0,NULL,4,22),(23,NULL,'2020-08-24 10:31:59',0,NULL,NULL,0,NULL,0,NULL,NULL,0,NULL,'2020-08-24 10:31:59',0,NULL,4,23),(24,NULL,'2020-08-24 10:31:59',0,NULL,NULL,0,NULL,0,NULL,NULL,0,NULL,'2020-08-24 10:31:59',0,NULL,4,24);
/*!40000 ALTER TABLE `issue1` ENABLE KEYS */;
UNLOCK TABLES;

--
-- Table structure for table `issue2`
--

DROP TABLE IF EXISTS `issue2`;
/*!40101 SET @saved_cs_client     = @@character_set_client */;
/*!40101 SET character_set_client = utf8 */;
CREATE TABLE `issue2` (
  `id` int(11) NOT NULL AUTO_INCREMENT,
  `act` bigint(20) DEFAULT NULL,
  `aim` bigint(20) DEFAULT NULL,
  `aimconst` bigint(20) DEFAULT NULL,
  `can_flag` int(11) NOT NULL,
  `content` longtext,
  `created_at` datetime NOT NULL,
  `date` varchar(255) DEFAULT NULL,
  `updated_at` datetime NOT NULL,
  `company` int(11) DEFAULT NULL,
  `newspaper` int(11) DEFAULT NULL,
  `place` int(11) DEFAULT NULL,
  PRIMARY KEY (`id`),
  KEY `FKegmje06h0uea2qh48mpl9vdmg` (`company`),
  KEY `FKso7squp44fwxoqi9rgsobajh8` (`newspaper`),
  KEY `FKkkarse9pl6u4t1x3jwns2q7lg` (`place`)
) ENGINE=MyISAM AUTO_INCREMENT=342 DEFAULT CHARSET=utf8;
/*!40101 SET character_set_client = @saved_cs_client */;

--
-- Dumping data for table `issue2`
--

LOCK TABLES `issue2` WRITE;
/*!40000 ALTER TABLE `issue2` DISABLE KEYS */;
INSERT INTO `issue2` VALUES (1,200,300,500,1,'','2020-08-24 00:03:04','2020-08-06','2020-08-24 00:39:11',4,1,1),(2,0,150,150,1,NULL,'2020-08-24 00:03:04',NULL,'2020-08-24 00:03:04',4,1,2),(3,0,1,1,1,NULL,'2020-08-24 00:03:04',NULL,'2020-08-24 00:03:04',4,1,3),(4,250,200,0,1,'','2020-08-24 00:03:04','','2020-08-24 00:51:07',4,1,4),(5,0,0,0,1,NULL,'2020-08-24 00:03:04',NULL,'2020-08-24 00:03:04',4,1,5),(6,0,1200,1200,0,NULL,'2020-08-24 00:03:04',NULL,'2020-08-24 00:03:04',4,1,6),(7,0,180,180,0,NULL,'2020-08-24 00:03:04',NULL,'2020-08-24 00:03:04',4,1,7),(8,0,30,30,0,NULL,'2020-08-24 00:03:04',NULL,'2020-08-24 00:03:04',4,1,8),(9,0,15,15,0,NULL,'2020-08-24 00:03:04',NULL,'2020-08-24 00:03:04',4,1,9),(10,0,0,0,0,NULL,'2020-08-24 00:03:04',NULL,'2020-08-24 00:03:04',4,1,10),(11,50,50,50,2,NULL,'2020-08-24 00:03:04',NULL,'2020-08-24 00:03:04',4,1,11),(12,0,0,0,2,NULL,'2020-08-24 00:03:04',NULL,'2020-08-24 00:03:04',4,1,12),(13,400,400,400,2,NULL,'2020-08-24 00:03:04',NULL,'2020-08-24 00:03:04',4,1,13),(14,0,300,300,0,NULL,'2020-08-24 00:03:04',NULL,'2020-08-24 00:03:04',4,1,14),(15,1,500,500,1,'','2020-08-24 00:03:04','','2020-08-24 10:25:22',4,2,1),(16,0,150,150,1,NULL,'2020-08-24 00:03:04',NULL,'2020-08-24 00:03:04',4,2,2),(17,0,1,1,1,NULL,'2020-08-24 00:03:04',NULL,'2020-08-24 00:03:04',4,2,3),(18,0,0,0,1,NULL,'2020-08-24 00:03:04',NULL,'2020-08-24 00:03:04',4,2,4),(19,0,0,0,1,NULL,'2020-08-24 00:03:04',NULL,'2020-08-24 00:03:04',4,2,5),(20,0,1200,1200,0,NULL,'2020-08-24 00:03:04',NULL,'2020-08-24 00:03:04',4,2,6),(21,0,180,180,0,NULL,'2020-08-24 00:03:04',NULL,'2020-08-24 00:03:04',4,2,7),(22,0,30,30,0,NULL,'2020-08-24 00:03:04',NULL,'2020-08-24 00:03:04',4,2,8),(23,0,15,15,0,NULL,'2020-08-24 00:03:04',NULL,'2020-08-24 00:03:04',4,2,9),(24,0,0,0,0,NULL,'2020-08-24 00:03:04',NULL,'2020-08-24 00:03:04',4,2,10),(25,50,50,50,2,NULL,'2020-08-24 00:03:04',NULL,'2020-08-24 00:03:04',4,2,11),(26,0,0,0,2,NULL,'2020-08-24 00:03:04',NULL,'2020-08-24 00:03:04',4,2,12),(27,400,400,400,2,NULL,'2020-08-24 00:03:04',NULL,'2020-08-24 00:03:04',4,2,13),(28,0,300,300,0,NULL,'2020-08-24 00:03:04',NULL,'2020-08-24 00:03:04',4,2,14),(29,0,200,200,1,NULL,'2020-08-24 00:03:04',NULL,'2020-08-24 00:03:04',4,3,1),(30,0,150,150,1,NULL,'2020-08-24 00:03:04',NULL,'2020-08-24 00:03:04',4,3,2),(31,0,1,1,1,NULL,'2020-08-24 00:03:04',NULL,'2020-08-24 00:03:04',4,3,3),(32,0,0,0,1,NULL,'2020-08-24 00:03:04',NULL,'2020-08-24 00:03:04',4,3,4),(33,0,0,0,1,NULL,'2020-08-24 00:03:04',NULL,'2020-08-24 00:03:04',4,3,5),(34,0,1200,1200,0,NULL,'2020-08-24 00:03:04',NULL,'2020-08-24 00:03:04',4,3,6),(35,0,180,180,0,NULL,'2020-08-24 00:03:04',NULL,'2020-08-24 00:03:04',4,3,7),(36,0,30,30,0,NULL,'2020-08-24 00:03:04',NULL,'2020-08-24 00:03:04',4,3,8),(37,0,15,15,0,NULL,'2020-08-24 00:03:04',NULL,'2020-08-24 00:03:04',4,3,9),(38,0,0,0,0,NULL,'2020-08-24 00:03:04',NULL,'2020-08-24 00:03:04',4,3,10),(39,0,50,50,2,NULL,'2020-08-24 00:03:04',NULL,'2020-08-24 00:03:04',4,3,11),(40,0,0,0,2,NULL,'2020-08-24 00:03:04',NULL,'2020-08-24 00:03:04',4,3,12),(41,0,400,400,2,NULL,'2020-08-24 00:03:04',NULL,'2020-08-24 00:03:04',4,3,13),(42,0,300,300,0,NULL,'2020-08-24 00:03:04',NULL,'2020-08-24 00:03:04',4,3,14),(43,0,200,200,1,NULL,'2020-08-24 00:03:04',NULL,'2020-08-24 00:03:04',4,4,1),(44,0,150,150,1,NULL,'2020-08-24 00:03:04',NULL,'2020-08-24 00:03:04',4,4,2),(45,0,1,1,1,NULL,'2020-08-24 00:03:04',NULL,'2020-08-24 00:03:04',4,4,3),(46,0,0,0,1,NULL,'2020-08-24 00:03:04',NULL,'2020-08-24 00:03:04',4,4,4),(47,0,0,0,1,NULL,'2020-08-24 00:03:04',NULL,'2020-08-24 00:03:04',4,4,5),(48,0,1200,1200,0,NULL,'2020-08-24 00:03:04',NULL,'2020-08-24 00:03:04',4,4,6),(49,0,180,180,0,NULL,'2020-08-24 00:03:04',NULL,'2020-08-24 00:03:04',4,4,7),(50,0,30,30,0,NULL,'2020-08-24 00:03:04',NULL,'2020-08-24 00:03:04',4,4,8),(51,0,15,15,0,NULL,'2020-08-24 00:03:04',NULL,'2020-08-24 00:03:04',4,4,9),(52,0,0,0,0,NULL,'2020-08-24 00:03:04',NULL,'2020-08-24 00:03:04',4,4,10),(53,0,50,50,2,NULL,'2020-08-24 00:03:04',NULL,'2020-08-24 00:03:04',4,4,11),(54,0,0,0,2,NULL,'2020-08-24 00:03:04',NULL,'2020-08-24 00:03:04',4,4,12),(55,0,400,400,2,NULL,'2020-08-24 00:03:04',NULL,'2020-08-24 00:03:04',4,4,13),(56,0,300,300,0,NULL,'2020-08-24 00:03:04',NULL,'2020-08-24 00:03:04',4,4,14),(57,0,200,200,1,NULL,'2020-08-24 00:03:04',NULL,'2020-08-24 00:03:04',4,5,1),(58,0,150,150,1,NULL,'2020-08-24 00:03:04',NULL,'2020-08-24 00:03:04',4,5,2),(59,0,1,1,1,NULL,'2020-08-24 00:03:04',NULL,'2020-08-24 00:03:04',4,5,3),(60,0,0,0,1,NULL,'2020-08-24 00:03:04',NULL,'2020-08-24 00:03:04',4,5,4),(61,0,0,0,1,NULL,'2020-08-24 00:03:04',NULL,'2020-08-24 00:03:04',4,5,5),(62,0,1200,1200,0,NULL,'2020-08-24 00:03:04',NULL,'2020-08-24 00:03:04',4,5,6),(63,0,180,180,0,NULL,'2020-08-24 00:03:04',NULL,'2020-08-24 00:03:04',4,5,7),(64,0,30,30,0,NULL,'2020-08-24 00:03:04',NULL,'2020-08-24 00:03:04',4,5,8),(65,0,15,15,0,NULL,'2020-08-24 00:03:04',NULL,'2020-08-24 00:03:04',4,5,9),(66,0,0,0,0,NULL,'2020-08-24 00:03:04',NULL,'2020-08-24 00:03:04',4,5,10),(67,0,50,50,2,NULL,'2020-08-24 00:03:04',NULL,'2020-08-24 00:03:04',4,5,11),(68,0,0,0,2,NULL,'2020-08-24 00:03:04',NULL,'2020-08-24 00:03:04',4,5,12),(69,0,400,400,2,NULL,'2020-08-24 00:03:04',NULL,'2020-08-24 00:03:04',4,5,13),(70,0,300,300,0,NULL,'2020-08-24 00:03:04',NULL,'2020-08-24 00:03:04',4,5,14),(71,0,200,200,1,NULL,'2020-08-24 00:03:04',NULL,'2020-08-24 00:03:04',4,6,1),(72,0,150,150,1,NULL,'2020-08-24 00:03:04',NULL,'2020-08-24 00:03:04',4,6,2),(73,0,1,1,1,NULL,'2020-08-24 00:03:04',NULL,'2020-08-24 00:03:04',4,6,3),(74,0,0,0,1,NULL,'2020-08-24 00:03:04',NULL,'2020-08-24 00:03:04',4,6,4),(75,0,0,0,1,NULL,'2020-08-24 00:03:04',NULL,'2020-08-24 00:03:04',4,6,5),(76,0,1200,1200,0,NULL,'2020-08-24 00:03:04',NULL,'2020-08-24 00:03:04',4,6,6),(77,0,180,180,0,NULL,'2020-08-24 00:03:04',NULL,'2020-08-24 00:03:04',4,6,7),(78,0,30,30,0,NULL,'2020-08-24 00:03:04',NULL,'2020-08-24 00:03:04',4,6,8),(79,0,15,15,0,NULL,'2020-08-24 00:03:04',NULL,'2020-08-24 00:03:04',4,6,9),(80,0,0,0,0,NULL,'2020-08-24 00:03:04',NULL,'2020-08-24 00:03:04',4,6,10),(81,0,50,50,2,NULL,'2020-08-24 00:03:04',NULL,'2020-08-24 00:03:04',4,6,11),(82,0,0,0,2,NULL,'2020-08-24 00:03:04',NULL,'2020-08-24 00:03:04',4,6,12),(83,0,400,400,2,NULL,'2020-08-24 00:03:04',NULL,'2020-08-24 00:03:04',4,6,13),(84,0,300,300,0,NULL,'2020-08-24 00:03:04',NULL,'2020-08-24 00:03:04',4,6,14),(85,0,200,200,1,NULL,'2020-08-24 00:03:04',NULL,'2020-08-24 00:03:04',4,7,1),(86,0,150,150,1,NULL,'2020-08-24 00:03:04',NULL,'2020-08-24 00:03:04',4,7,2),(87,0,1,1,1,NULL,'2020-08-24 00:03:04',NULL,'2020-08-24 00:03:04',4,7,3),(88,0,0,0,1,NULL,'2020-08-24 00:03:04',NULL,'2020-08-24 00:03:04',4,7,4),(89,0,0,0,1,NULL,'2020-08-24 00:03:04',NULL,'2020-08-24 00:03:04',4,7,5),(90,0,1200,1200,0,NULL,'2020-08-24 00:03:04',NULL,'2020-08-24 00:03:04',4,7,6),(91,0,180,180,0,NULL,'2020-08-24 00:03:04',NULL,'2020-08-24 00:03:04',4,7,7),(92,0,30,30,0,NULL,'2020-08-24 00:03:04',NULL,'2020-08-24 00:03:04',4,7,8),(93,0,15,15,0,NULL,'2020-08-24 00:03:04',NULL,'2020-08-24 00:03:04',4,7,9),(94,0,0,0,0,NULL,'2020-08-24 00:03:04',NULL,'2020-08-24 00:03:04',4,7,10),(95,0,50,50,2,NULL,'2020-08-24 00:03:04',NULL,'2020-08-24 00:03:04',4,7,11),(96,0,0,0,2,NULL,'2020-08-24 00:03:04',NULL,'2020-08-24 00:03:04',4,7,12),(97,0,400,400,2,NULL,'2020-08-24 00:03:04',NULL,'2020-08-24 00:03:04',4,7,13),(98,0,300,300,0,NULL,'2020-08-24 00:03:04',NULL,'2020-08-24 00:03:04',4,7,14),(99,0,200,200,1,NULL,'2020-08-24 00:03:04',NULL,'2020-08-24 00:03:04',4,8,1),(100,0,150,150,1,NULL,'2020-08-24 00:03:04',NULL,'2020-08-24 00:03:04',4,8,2),(101,0,1,1,1,NULL,'2020-08-24 00:03:04',NULL,'2020-08-24 00:03:04',4,8,3),(102,0,0,0,1,NULL,'2020-08-24 00:03:04',NULL,'2020-08-24 00:03:04',4,8,4),(103,0,0,0,1,NULL,'2020-08-24 00:03:04',NULL,'2020-08-24 00:03:04',4,8,5),(104,0,1200,1200,0,NULL,'2020-08-24 00:03:04',NULL,'2020-08-24 00:03:04',4,8,6),(105,0,180,180,0,NULL,'2020-08-24 00:03:04',NULL,'2020-08-24 00:03:04',4,8,7),(106,0,30,30,0,NULL,'2020-08-24 00:03:04',NULL,'2020-08-24 00:03:04',4,8,8),(107,0,15,15,0,NULL,'2020-08-24 00:03:04',NULL,'2020-08-24 00:03:04',4,8,9),(108,0,0,0,0,NULL,'2020-08-24 00:03:04',NULL,'2020-08-24 00:03:04',4,8,10),(109,0,50,50,2,NULL,'2020-08-24 00:03:04',NULL,'2020-08-24 00:03:04',4,8,11),(110,0,0,0,2,NULL,'2020-08-24 00:03:04',NULL,'2020-08-24 00:03:04',4,8,12),(111,0,400,400,2,NULL,'2020-08-24 00:03:04',NULL,'2020-08-24 00:03:04',4,8,13),(112,0,300,300,0,NULL,'2020-08-24 00:03:04',NULL,'2020-08-24 00:03:04',4,8,14),(113,0,200,200,1,NULL,'2020-08-24 00:03:04',NULL,'2020-08-24 00:03:04',4,9,1),(114,0,150,150,1,NULL,'2020-08-24 00:03:04',NULL,'2020-08-24 00:03:04',4,9,2),(115,0,1,1,1,NULL,'2020-08-24 00:03:04',NULL,'2020-08-24 00:03:04',4,9,3),(116,0,0,0,1,NULL,'2020-08-24 00:03:04',NULL,'2020-08-24 00:03:04',4,9,4),(117,0,0,0,1,NULL,'2020-08-24 00:03:04',NULL,'2020-08-24 00:03:04',4,9,5),(118,0,1200,1200,0,NULL,'2020-08-24 00:03:04',NULL,'2020-08-24 00:03:04',4,9,6),(119,0,180,180,0,NULL,'2020-08-24 00:03:04',NULL,'2020-08-24 00:03:04',4,9,7),(120,0,30,30,0,NULL,'2020-08-24 00:03:04',NULL,'2020-08-24 00:03:04',4,9,8),(121,0,15,15,0,NULL,'2020-08-24 00:03:04',NULL,'2020-08-24 00:03:04',4,9,9),(122,0,0,0,0,NULL,'2020-08-24 00:03:04',NULL,'2020-08-24 00:03:04',4,9,10),(123,0,50,50,2,NULL,'2020-08-24 00:03:04',NULL,'2020-08-24 00:03:04',4,9,11),(124,0,0,0,2,NULL,'2020-08-24 00:03:04',NULL,'2020-08-24 00:03:04',4,9,12),(125,0,400,400,2,NULL,'2020-08-24 00:03:04',NULL,'2020-08-24 00:03:04',4,9,13),(126,0,300,300,0,NULL,'2020-08-24 00:03:04',NULL,'2020-08-24 00:03:04',4,9,14),(127,0,200,200,1,NULL,'2020-08-24 00:03:04',NULL,'2020-08-24 00:03:04',4,10,1),(128,0,150,150,1,NULL,'2020-08-24 00:03:04',NULL,'2020-08-24 00:03:04',4,10,2),(129,0,1,1,1,NULL,'2020-08-24 00:03:04',NULL,'2020-08-24 00:03:04',4,10,3),(130,0,0,0,1,NULL,'2020-08-24 00:03:04',NULL,'2020-08-24 00:03:04',4,10,4),(131,0,0,0,1,NULL,'2020-08-24 00:03:04',NULL,'2020-08-24 00:03:04',4,10,5),(132,0,1200,1200,0,NULL,'2020-08-24 00:03:04',NULL,'2020-08-24 00:03:04',4,10,6),(133,0,180,180,0,NULL,'2020-08-24 00:03:04',NULL,'2020-08-24 00:03:04',4,10,7),(134,0,30,30,0,NULL,'2020-08-24 00:03:04',NULL,'2020-08-24 00:03:04',4,10,8),(135,0,15,15,0,NULL,'2020-08-24 00:03:04',NULL,'2020-08-24 00:03:04',4,10,9),(136,0,0,0,0,NULL,'2020-08-24 00:03:04',NULL,'2020-08-24 00:03:04',4,10,10),(137,0,50,50,2,NULL,'2020-08-24 00:03:04',NULL,'2020-08-24 00:03:04',4,10,11),(138,0,0,0,2,NULL,'2020-08-24 00:03:04',NULL,'2020-08-24 00:03:04',4,10,12),(139,0,400,400,2,NULL,'2020-08-24 00:03:04',NULL,'2020-08-24 00:03:04',4,10,13),(140,0,300,300,0,NULL,'2020-08-24 00:03:04',NULL,'2020-08-24 00:03:04',4,10,14),(141,0,200,200,1,NULL,'2020-08-24 00:03:04',NULL,'2020-08-24 00:03:04',4,11,1),(142,0,150,150,1,NULL,'2020-08-24 00:03:04',NULL,'2020-08-24 00:03:04',4,11,2),(143,0,1,1,1,NULL,'2020-08-24 00:03:04',NULL,'2020-08-24 00:03:04',4,11,3),(144,0,0,0,1,NULL,'2020-08-24 00:03:04',NULL,'2020-08-24 00:03:04',4,11,4),(145,0,0,0,1,NULL,'2020-08-24 00:03:04',NULL,'2020-08-24 00:03:04',4,11,5),(146,0,1200,1200,0,NULL,'2020-08-24 00:03:04',NULL,'2020-08-24 00:03:04',4,11,6),(147,0,180,180,0,NULL,'2020-08-24 00:03:04',NULL,'2020-08-24 00:03:04',4,11,7),(148,0,30,30,0,NULL,'2020-08-24 00:03:04',NULL,'2020-08-24 00:03:04',4,11,8),(149,0,15,15,0,NULL,'2020-08-24 00:03:04',NULL,'2020-08-24 00:03:04',4,11,9),(150,0,0,0,0,NULL,'2020-08-24 00:03:04',NULL,'2020-08-24 00:03:04',4,11,10),(151,0,50,50,2,NULL,'2020-08-24 00:03:04',NULL,'2020-08-24 00:03:04',4,11,11),(152,0,0,0,2,NULL,'2020-08-24 00:03:04',NULL,'2020-08-24 00:03:04',4,11,12),(153,0,400,400,2,NULL,'2020-08-24 00:03:04',NULL,'2020-08-24 00:03:04',4,11,13),(154,0,300,300,0,NULL,'2020-08-24 00:03:04',NULL,'2020-08-24 00:03:04',4,11,14),(155,0,200,200,1,NULL,'2020-08-24 00:03:04',NULL,'2020-08-24 00:03:04',4,12,1),(156,0,150,150,1,NULL,'2020-08-24 00:03:04',NULL,'2020-08-24 00:03:04',4,12,2),(157,0,1,1,1,NULL,'2020-08-24 00:03:04',NULL,'2020-08-24 00:03:04',4,12,3),(158,0,0,0,1,NULL,'2020-08-24 00:03:04',NULL,'2020-08-24 00:03:04',4,12,4),(159,0,0,0,1,NULL,'2020-08-24 00:03:04',NULL,'2020-08-24 00:03:04',4,12,5),(160,0,1200,1200,0,NULL,'2020-08-24 00:03:04',NULL,'2020-08-24 00:03:04',4,12,6),(161,0,180,180,0,NULL,'2020-08-24 00:03:04',NULL,'2020-08-24 00:03:04',4,12,7),(162,0,30,30,0,NULL,'2020-08-24 00:03:04',NULL,'2020-08-24 00:03:04',4,12,8),(163,0,15,15,0,NULL,'2020-08-24 00:03:04',NULL,'2020-08-24 00:03:04',4,12,9),(164,0,0,0,0,NULL,'2020-08-24 00:03:04',NULL,'2020-08-24 00:03:04',4,12,10),(165,0,50,50,2,NULL,'2020-08-24 00:03:04',NULL,'2020-08-24 00:03:04',4,12,11),(166,0,0,0,2,NULL,'2020-08-24 00:03:04',NULL,'2020-08-24 00:03:04',4,12,12),(167,0,400,400,2,NULL,'2020-08-24 00:03:04',NULL,'2020-08-24 00:03:04',4,12,13),(168,0,300,300,0,NULL,'2020-08-24 00:03:04',NULL,'2020-08-24 00:03:04',4,12,14),(170,0,1524,1524,0,'','2020-08-24 00:24:38','2020-08-12','2020-08-24 00:24:38',4,1,820),(171,0,750,650,1,'','2020-08-24 00:24:59','2020-08-04','2020-08-24 00:57:55',4,1,819),(172,0,1524,1524,0,'','2020-08-24 10:24:57','','2020-08-24 10:24:57',4,2,820),(173,0,650,650,1,'','2020-08-24 10:25:36','','2020-08-24 10:25:36',4,2,819),(174,0,200,200,1,NULL,'2020-08-24 10:31:59',NULL,'2020-08-24 10:31:59',4,13,1),(175,0,150,150,1,NULL,'2020-08-24 10:31:59',NULL,'2020-08-24 10:31:59',4,13,2),(176,0,1,1,1,NULL,'2020-08-24 10:31:59',NULL,'2020-08-24 10:31:59',4,13,3),(177,0,0,0,1,NULL,'2020-08-24 10:31:59',NULL,'2020-08-24 10:31:59',4,13,4),(178,0,0,0,1,NULL,'2020-08-24 10:31:59',NULL,'2020-08-24 10:31:59',4,13,5),(179,0,1200,1200,0,NULL,'2020-08-24 10:31:59',NULL,'2020-08-24 10:31:59',4,13,6),(180,0,180,180,0,NULL,'2020-08-24 10:31:59',NULL,'2020-08-24 10:31:59',4,13,7),(181,0,30,30,0,NULL,'2020-08-24 10:31:59',NULL,'2020-08-24 10:31:59',4,13,8),(182,0,15,15,0,NULL,'2020-08-24 10:31:59',NULL,'2020-08-24 10:31:59',4,13,9),(183,0,0,0,0,NULL,'2020-08-24 10:31:59',NULL,'2020-08-24 10:31:59',4,13,10),(184,50,50,50,2,NULL,'2020-08-24 10:31:59',NULL,'2020-08-24 10:31:59',4,13,11),(185,0,0,0,2,NULL,'2020-08-24 10:31:59',NULL,'2020-08-24 10:31:59',4,13,12),(186,400,400,400,2,NULL,'2020-08-24 10:31:59',NULL,'2020-08-24 10:31:59',4,13,13),(187,0,1774,1774,0,'','2020-08-24 10:31:59','','2020-08-24 10:32:26',4,13,14),(188,0,200,200,1,NULL,'2020-08-24 10:31:59',NULL,'2020-08-24 10:31:59',4,14,1),(189,0,150,150,1,NULL,'2020-08-24 10:31:59',NULL,'2020-08-24 10:31:59',4,14,2),(190,0,1,1,1,NULL,'2020-08-24 10:31:59',NULL,'2020-08-24 10:31:59',4,14,3),(191,0,0,0,1,NULL,'2020-08-24 10:31:59',NULL,'2020-08-24 10:31:59',4,14,4),(192,0,0,0,1,NULL,'2020-08-24 10:31:59',NULL,'2020-08-24 10:31:59',4,14,5),(193,0,1200,1200,0,NULL,'2020-08-24 10:31:59',NULL,'2020-08-24 10:31:59',4,14,6),(194,0,180,180,0,NULL,'2020-08-24 10:31:59',NULL,'2020-08-24 10:31:59',4,14,7),(195,0,30,30,0,NULL,'2020-08-24 10:31:59',NULL,'2020-08-24 10:31:59',4,14,8),(196,0,15,15,0,NULL,'2020-08-24 10:31:59',NULL,'2020-08-24 10:31:59',4,14,9),(197,0,0,0,0,NULL,'2020-08-24 10:31:59',NULL,'2020-08-24 10:31:59',4,14,10),(198,0,50,50,2,NULL,'2020-08-24 10:31:59',NULL,'2020-08-24 10:31:59',4,14,11),(199,0,0,0,2,NULL,'2020-08-24 10:31:59',NULL,'2020-08-24 10:31:59',4,14,12),(200,0,400,400,2,NULL,'2020-08-24 10:31:59',NULL,'2020-08-24 10:31:59',4,14,13),(201,0,300,300,0,NULL,'2020-08-24 10:31:59',NULL,'2020-08-24 10:31:59',4,14,14),(202,0,200,200,1,NULL,'2020-08-24 10:31:59',NULL,'2020-08-24 10:31:59',4,15,1),(203,0,150,150,1,NULL,'2020-08-24 10:31:59',NULL,'2020-08-24 10:31:59',4,15,2),(204,0,1,1,1,NULL,'2020-08-24 10:31:59',NULL,'2020-08-24 10:31:59',4,15,3),(205,0,0,0,1,NULL,'2020-08-24 10:31:59',NULL,'2020-08-24 10:31:59',4,15,4),(206,0,0,0,1,NULL,'2020-08-24 10:31:59',NULL,'2020-08-24 10:31:59',4,15,5),(207,0,1200,1200,0,NULL,'2020-08-24 10:31:59',NULL,'2020-08-24 10:31:59',4,15,6),(208,0,180,180,0,NULL,'2020-08-24 10:31:59',NULL,'2020-08-24 10:31:59',4,15,7),(209,0,30,30,0,NULL,'2020-08-24 10:31:59',NULL,'2020-08-24 10:31:59',4,15,8),(210,0,15,15,0,NULL,'2020-08-24 10:31:59',NULL,'2020-08-24 10:31:59',4,15,9),(211,0,0,0,0,NULL,'2020-08-24 10:31:59',NULL,'2020-08-24 10:31:59',4,15,10),(212,0,50,50,2,NULL,'2020-08-24 10:31:59',NULL,'2020-08-24 10:31:59',4,15,11),(213,0,0,0,2,NULL,'2020-08-24 10:31:59',NULL,'2020-08-24 10:31:59',4,15,12),(214,0,400,400,2,NULL,'2020-08-24 10:31:59',NULL,'2020-08-24 10:31:59',4,15,13),(215,0,300,300,0,NULL,'2020-08-24 10:31:59',NULL,'2020-08-24 10:31:59',4,15,14),(216,0,200,200,1,NULL,'2020-08-24 10:31:59',NULL,'2020-08-24 10:31:59',4,16,1),(217,0,150,150,1,NULL,'2020-08-24 10:31:59',NULL,'2020-08-24 10:31:59',4,16,2),(218,0,1,1,1,NULL,'2020-08-24 10:31:59',NULL,'2020-08-24 10:31:59',4,16,3),(219,0,0,0,1,NULL,'2020-08-24 10:31:59',NULL,'2020-08-24 10:31:59',4,16,4),(220,0,0,0,1,NULL,'2020-08-24 10:31:59',NULL,'2020-08-24 10:31:59',4,16,5),(221,0,1200,1200,0,NULL,'2020-08-24 10:31:59',NULL,'2020-08-24 10:31:59',4,16,6),(222,0,180,180,0,NULL,'2020-08-24 10:31:59',NULL,'2020-08-24 10:31:59',4,16,7),(223,0,30,30,0,NULL,'2020-08-24 10:31:59',NULL,'2020-08-24 10:31:59',4,16,8),(224,0,15,15,0,NULL,'2020-08-24 10:31:59',NULL,'2020-08-24 10:31:59',4,16,9),(225,0,0,0,0,NULL,'2020-08-24 10:31:59',NULL,'2020-08-24 10:31:59',4,16,10),(226,0,50,50,2,NULL,'2020-08-24 10:31:59',NULL,'2020-08-24 10:31:59',4,16,11),(227,0,0,0,2,NULL,'2020-08-24 10:31:59',NULL,'2020-08-24 10:31:59',4,16,12),(228,0,400,400,2,NULL,'2020-08-24 10:31:59',NULL,'2020-08-24 10:31:59',4,16,13),(229,0,300,300,0,NULL,'2020-08-24 10:31:59',NULL,'2020-08-24 10:31:59',4,16,14),(230,0,200,200,1,NULL,'2020-08-24 10:31:59',NULL,'2020-08-24 10:31:59',4,17,1),(231,0,150,150,1,NULL,'2020-08-24 10:31:59',NULL,'2020-08-24 10:31:59',4,17,2),(232,0,1,1,1,NULL,'2020-08-24 10:31:59',NULL,'2020-08-24 10:31:59',4,17,3),(233,0,0,0,1,NULL,'2020-08-24 10:31:59',NULL,'2020-08-24 10:31:59',4,17,4),(234,0,0,0,1,NULL,'2020-08-24 10:31:59',NULL,'2020-08-24 10:31:59',4,17,5),(235,0,1200,1200,0,NULL,'2020-08-24 10:31:59',NULL,'2020-08-24 10:31:59',4,17,6),(236,0,180,180,0,NULL,'2020-08-24 10:31:59',NULL,'2020-08-24 10:31:59',4,17,7),(237,0,30,30,0,NULL,'2020-08-24 10:31:59',NULL,'2020-08-24 10:31:59',4,17,8),(238,0,15,15,0,NULL,'2020-08-24 10:31:59',NULL,'2020-08-24 10:31:59',4,17,9),(239,0,0,0,0,NULL,'2020-08-24 10:31:59',NULL,'2020-08-24 10:31:59',4,17,10),(240,0,50,50,2,NULL,'2020-08-24 10:31:59',NULL,'2020-08-24 10:31:59',4,17,11),(241,0,0,0,2,NULL,'2020-08-24 10:31:59',NULL,'2020-08-24 10:31:59',4,17,12),(242,0,400,400,2,NULL,'2020-08-24 10:31:59',NULL,'2020-08-24 10:31:59',4,17,13),(243,0,300,300,0,NULL,'2020-08-24 10:31:59',NULL,'2020-08-24 10:31:59',4,17,14),(244,0,200,200,1,NULL,'2020-08-24 10:31:59',NULL,'2020-08-24 10:31:59',4,18,1),(245,0,150,150,1,NULL,'2020-08-24 10:31:59',NULL,'2020-08-24 10:31:59',4,18,2),(246,0,1,1,1,NULL,'2020-08-24 10:31:59',NULL,'2020-08-24 10:31:59',4,18,3),(247,0,0,0,1,NULL,'2020-08-24 10:31:59',NULL,'2020-08-24 10:31:59',4,18,4),(248,0,0,0,1,NULL,'2020-08-24 10:31:59',NULL,'2020-08-24 10:31:59',4,18,5),(249,0,1200,1200,0,NULL,'2020-08-24 10:31:59',NULL,'2020-08-24 10:31:59',4,18,6),(250,0,180,180,0,NULL,'2020-08-24 10:31:59',NULL,'2020-08-24 10:31:59',4,18,7),(251,0,30,30,0,NULL,'2020-08-24 10:31:59',NULL,'2020-08-24 10:31:59',4,18,8),(252,0,15,15,0,NULL,'2020-08-24 10:31:59',NULL,'2020-08-24 10:31:59',4,18,9),(253,0,0,0,0,NULL,'2020-08-24 10:31:59',NULL,'2020-08-24 10:31:59',4,18,10),(254,0,50,50,2,NULL,'2020-08-24 10:31:59',NULL,'2020-08-24 10:31:59',4,18,11),(255,0,0,0,2,NULL,'2020-08-24 10:31:59',NULL,'2020-08-24 10:31:59',4,18,12),(256,0,400,400,2,NULL,'2020-08-24 10:31:59',NULL,'2020-08-24 10:31:59',4,18,13),(257,0,300,300,0,NULL,'2020-08-24 10:31:59',NULL,'2020-08-24 10:31:59',4,18,14),(258,0,200,200,1,NULL,'2020-08-24 10:31:59',NULL,'2020-08-24 10:31:59',4,19,1),(259,0,150,150,1,NULL,'2020-08-24 10:31:59',NULL,'2020-08-24 10:31:59',4,19,2),(260,0,1,1,1,NULL,'2020-08-24 10:31:59',NULL,'2020-08-24 10:31:59',4,19,3),(261,0,0,0,1,NULL,'2020-08-24 10:31:59',NULL,'2020-08-24 10:31:59',4,19,4),(262,0,0,0,1,NULL,'2020-08-24 10:31:59',NULL,'2020-08-24 10:31:59',4,19,5),(263,0,1200,1200,0,NULL,'2020-08-24 10:31:59',NULL,'2020-08-24 10:31:59',4,19,6),(264,0,180,180,0,NULL,'2020-08-24 10:31:59',NULL,'2020-08-24 10:31:59',4,19,7),(265,0,30,30,0,NULL,'2020-08-24 10:31:59',NULL,'2020-08-24 10:31:59',4,19,8),(266,0,15,15,0,NULL,'2020-08-24 10:31:59',NULL,'2020-08-24 10:31:59',4,19,9),(267,0,0,0,0,NULL,'2020-08-24 10:31:59',NULL,'2020-08-24 10:31:59',4,19,10),(268,0,50,50,2,NULL,'2020-08-24 10:31:59',NULL,'2020-08-24 10:31:59',4,19,11),(269,0,0,0,2,NULL,'2020-08-24 10:31:59',NULL,'2020-08-24 10:31:59',4,19,12),(270,0,400,400,2,NULL,'2020-08-24 10:31:59',NULL,'2020-08-24 10:31:59',4,19,13),(271,0,300,300,0,NULL,'2020-08-24 10:31:59',NULL,'2020-08-24 10:31:59',4,19,14),(272,0,200,200,1,NULL,'2020-08-24 10:31:59',NULL,'2020-08-24 10:31:59',4,20,1),(273,0,150,150,1,NULL,'2020-08-24 10:31:59',NULL,'2020-08-24 10:31:59',4,20,2),(274,0,1,1,1,NULL,'2020-08-24 10:31:59',NULL,'2020-08-24 10:31:59',4,20,3),(275,0,0,0,1,NULL,'2020-08-24 10:31:59',NULL,'2020-08-24 10:31:59',4,20,4),(276,0,0,0,1,NULL,'2020-08-24 10:31:59',NULL,'2020-08-24 10:31:59',4,20,5),(277,0,1200,1200,0,NULL,'2020-08-24 10:31:59',NULL,'2020-08-24 10:31:59',4,20,6),(278,0,180,180,0,NULL,'2020-08-24 10:31:59',NULL,'2020-08-24 10:31:59',4,20,7),(279,0,30,30,0,NULL,'2020-08-24 10:31:59',NULL,'2020-08-24 10:31:59',4,20,8),(280,0,15,15,0,NULL,'2020-08-24 10:31:59',NULL,'2020-08-24 10:31:59',4,20,9),(281,0,0,0,0,NULL,'2020-08-24 10:31:59',NULL,'2020-08-24 10:31:59',4,20,10),(282,0,50,50,2,NULL,'2020-08-24 10:31:59',NULL,'2020-08-24 10:31:59',4,20,11),(283,0,0,0,2,NULL,'2020-08-24 10:31:59',NULL,'2020-08-24 10:31:59',4,20,12),(284,0,400,400,2,NULL,'2020-08-24 10:31:59',NULL,'2020-08-24 10:31:59',4,20,13),(285,0,300,300,0,NULL,'2020-08-24 10:31:59',NULL,'2020-08-24 10:31:59',4,20,14),(286,0,200,200,1,NULL,'2020-08-24 10:31:59',NULL,'2020-08-24 10:31:59',4,21,1),(287,0,150,150,1,NULL,'2020-08-24 10:31:59',NULL,'2020-08-24 10:31:59',4,21,2),(288,0,1,1,1,NULL,'2020-08-24 10:31:59',NULL,'2020-08-24 10:31:59',4,21,3),(289,0,0,0,1,NULL,'2020-08-24 10:31:59',NULL,'2020-08-24 10:31:59',4,21,4),(290,0,0,0,1,NULL,'2020-08-24 10:31:59',NULL,'2020-08-24 10:31:59',4,21,5),(291,0,1200,1200,0,NULL,'2020-08-24 10:31:59',NULL,'2020-08-24 10:31:59',4,21,6),(292,0,180,180,0,NULL,'2020-08-24 10:31:59',NULL,'2020-08-24 10:31:59',4,21,7),(293,0,30,30,0,NULL,'2020-08-24 10:31:59',NULL,'2020-08-24 10:31:59',4,21,8),(294,0,15,15,0,NULL,'2020-08-24 10:31:59',NULL,'2020-08-24 10:31:59',4,21,9),(295,0,0,0,0,NULL,'2020-08-24 10:31:59',NULL,'2020-08-24 10:31:59',4,21,10),(296,0,50,50,2,NULL,'2020-08-24 10:31:59',NULL,'2020-08-24 10:31:59',4,21,11),(297,0,0,0,2,NULL,'2020-08-24 10:31:59',NULL,'2020-08-24 10:31:59',4,21,12),(298,0,400,400,2,NULL,'2020-08-24 10:31:59',NULL,'2020-08-24 10:31:59',4,21,13),(299,0,300,300,0,NULL,'2020-08-24 10:31:59',NULL,'2020-08-24 10:31:59',4,21,14),(300,0,200,200,1,NULL,'2020-08-24 10:31:59',NULL,'2020-08-24 10:31:59',4,22,1),(301,0,150,150,1,NULL,'2020-08-24 10:31:59',NULL,'2020-08-24 10:31:59',4,22,2),(302,0,1,1,1,NULL,'2020-08-24 10:31:59',NULL,'2020-08-24 10:31:59',4,22,3),(303,0,0,0,1,NULL,'2020-08-24 10:31:59',NULL,'2020-08-24 10:31:59',4,22,4),(304,0,0,0,1,NULL,'2020-08-24 10:31:59',NULL,'2020-08-24 10:31:59',4,22,5),(305,0,1200,1200,0,NULL,'2020-08-24 10:31:59',NULL,'2020-08-24 10:31:59',4,22,6),(306,0,180,180,0,NULL,'2020-08-24 10:31:59',NULL,'2020-08-24 10:31:59',4,22,7),(307,0,30,30,0,NULL,'2020-08-24 10:31:59',NULL,'2020-08-24 10:31:59',4,22,8),(308,0,15,15,0,NULL,'2020-08-24 10:31:59',NULL,'2020-08-24 10:31:59',4,22,9),(309,0,0,0,0,NULL,'2020-08-24 10:31:59',NULL,'2020-08-24 10:31:59',4,22,10),(310,0,50,50,2,NULL,'2020-08-24 10:31:59',NULL,'2020-08-24 10:31:59',4,22,11),(311,0,0,0,2,NULL,'2020-08-24 10:31:59',NULL,'2020-08-24 10:31:59',4,22,12),(312,0,400,400,2,NULL,'2020-08-24 10:31:59',NULL,'2020-08-24 10:31:59',4,22,13),(313,0,300,300,0,NULL,'2020-08-24 10:31:59',NULL,'2020-08-24 10:31:59',4,22,14),(314,0,200,200,1,NULL,'2020-08-24 10:31:59',NULL,'2020-08-24 10:31:59',4,23,1),(315,0,150,150,1,NULL,'2020-08-24 10:31:59',NULL,'2020-08-24 10:31:59',4,23,2),(316,0,1,1,1,NULL,'2020-08-24 10:31:59',NULL,'2020-08-24 10:31:59',4,23,3),(317,0,0,0,1,NULL,'2020-08-24 10:31:59',NULL,'2020-08-24 10:31:59',4,23,4),(318,0,0,0,1,NULL,'2020-08-24 10:31:59',NULL,'2020-08-24 10:31:59',4,23,5),(319,0,1200,1200,0,NULL,'2020-08-24 10:31:59',NULL,'2020-08-24 10:31:59',4,23,6),(320,0,180,180,0,NULL,'2020-08-24 10:31:59',NULL,'2020-08-24 10:31:59',4,23,7),(321,0,30,30,0,NULL,'2020-08-24 10:31:59',NULL,'2020-08-24 10:31:59',4,23,8),(322,0,15,15,0,NULL,'2020-08-24 10:31:59',NULL,'2020-08-24 10:31:59',4,23,9),(323,0,0,0,0,NULL,'2020-08-24 10:31:59',NULL,'2020-08-24 10:31:59',4,23,10),(324,0,50,50,2,NULL,'2020-08-24 10:31:59',NULL,'2020-08-24 10:31:59',4,23,11),(325,0,0,0,2,NULL,'2020-08-24 10:31:59',NULL,'2020-08-24 10:31:59',4,23,12),(326,0,400,400,2,NULL,'2020-08-24 10:31:59',NULL,'2020-08-24 10:31:59',4,23,13),(327,0,300,300,0,NULL,'2020-08-24 10:31:59',NULL,'2020-08-24 10:31:59',4,23,14),(328,0,200,200,1,NULL,'2020-08-24 10:31:59',NULL,'2020-08-24 10:31:59',4,24,1),(329,0,150,150,1,NULL,'2020-08-24 10:31:59',NULL,'2020-08-24 10:31:59',4,24,2),(330,0,1,1,1,NULL,'2020-08-24 10:31:59',NULL,'2020-08-24 10:31:59',4,24,3),(331,0,0,0,1,NULL,'2020-08-24 10:31:59',NULL,'2020-08-24 10:31:59',4,24,4),(332,0,0,0,1,NULL,'2020-08-24 10:31:59',NULL,'2020-08-24 10:31:59',4,24,5),(333,0,1200,1200,0,NULL,'2020-08-24 10:31:59',NULL,'2020-08-24 10:31:59',4,24,6),(334,0,180,180,0,NULL,'2020-08-24 10:31:59',NULL,'2020-08-24 10:31:59',4,24,7),(335,0,30,30,0,NULL,'2020-08-24 10:31:59',NULL,'2020-08-24 10:31:59',4,24,8),(336,0,15,15,0,NULL,'2020-08-24 10:31:59',NULL,'2020-08-24 10:31:59',4,24,9),(337,0,0,0,0,NULL,'2020-08-24 10:31:59',NULL,'2020-08-24 10:31:59',4,24,10),(338,0,50,50,2,NULL,'2020-08-24 10:31:59',NULL,'2020-08-24 10:31:59',4,24,11),(339,0,0,0,2,NULL,'2020-08-24 10:31:59',NULL,'2020-08-24 10:31:59',4,24,12),(340,0,400,400,2,NULL,'2020-08-24 10:31:59',NULL,'2020-08-24 10:31:59',4,24,13),(341,0,300,300,0,NULL,'2020-08-24 10:31:59',NULL,'2020-08-24 10:31:59',4,24,14);
/*!40000 ALTER TABLE `issue2` ENABLE KEYS */;
UNLOCK TABLES;

--
-- Table structure for table `newspaper`
--

DROP TABLE IF EXISTS `newspaper`;
/*!40101 SET @saved_cs_client     = @@character_set_client */;
/*!40101 SET character_set_client = utf8 */;
CREATE TABLE `newspaper` (
  `id` int(11) NOT NULL AUTO_INCREMENT,
  `month` int(11) DEFAULT NULL,
  `year` int(11) DEFAULT NULL,
  PRIMARY KEY (`id`)
) ENGINE=MyISAM AUTO_INCREMENT=25 DEFAULT CHARSET=utf8;
/*!40101 SET character_set_client = @saved_cs_client */;

--
-- Dumping data for table `newspaper`
--

LOCK TABLES `newspaper` WRITE;
/*!40000 ALTER TABLE `newspaper` DISABLE KEYS */;
INSERT INTO `newspaper` VALUES (1,1,2020),(2,2,2020),(3,3,2020),(4,4,2020),(5,5,2020),(6,6,2020),(7,7,2020),(8,8,2020),(9,9,2020),(10,10,2020),(11,11,2020),(12,12,2020),(13,1,2019),(14,2,2019),(15,3,2019),(16,4,2019),(17,5,2019),(18,6,2019),(19,7,2019),(20,8,2019),(21,9,2019),(22,10,2019),(23,11,2019),(24,12,2019);
/*!40000 ALTER TABLE `newspaper` ENABLE KEYS */;
UNLOCK TABLES;

--
-- Table structure for table `place`
--

DROP TABLE IF EXISTS `place`;
/*!40101 SET @saved_cs_client     = @@character_set_client */;
/*!40101 SET character_set_client = utf8 */;
CREATE TABLE `place` (
  `id` int(11) NOT NULL AUTO_INCREMENT,
  `default_vo` bigint(20) DEFAULT NULL,
  `name` varchar(255) DEFAULT NULL,
  PRIMARY KEY (`id`)
) ENGINE=MyISAM AUTO_INCREMENT=822 DEFAULT CHARSET=utf8;
/*!40101 SET character_set_client = @saved_cs_client */;

--
-- Dumping data for table `place`
--

LOCK TABLES `place` WRITE;
/*!40000 ALTER TABLE `place` DISABLE KEYS */;
INSERT INTO `place` VALUES (1,200,'来往舎'),(2,150,'朝日新聞'),(3,1,'メディア'),(4,0,'矢上ラック'),(5,0,'日吉ラック'),(6,1200,'塾員センター'),(7,180,'塾監局'),(8,30,'研究室棟'),(9,15,'大森寮'),(10,0,'三田ラック'),(11,50,'大阪'),(12,0,'芝共立'),(13,400,'定期購読'),(14,300,'その他（保管用・お礼状）'),(815,0,'あいう'),(816,0,'かきく'),(817,0,'らりる'),(818,0,'あいうえお'),(819,0,'早慶戦（明治神宮球場前）'),(820,0,'三田祭（三田交差点前）'),(821,0,'塾員招待会');
/*!40000 ALTER TABLE `place` ENABLE KEYS */;
UNLOCK TABLES;
/*!40103 SET TIME_ZONE=@OLD_TIME_ZONE */;

/*!40101 SET SQL_MODE=@OLD_SQL_MODE */;
/*!40014 SET FOREIGN_KEY_CHECKS=@OLD_FOREIGN_KEY_CHECKS */;
/*!40014 SET UNIQUE_CHECKS=@OLD_UNIQUE_CHECKS */;
/*!40101 SET CHARACTER_SET_CLIENT=@OLD_CHARACTER_SET_CLIENT */;
/*!40101 SET CHARACTER_SET_RESULTS=@OLD_CHARACTER_SET_RESULTS */;
/*!40101 SET COLLATION_CONNECTION=@OLD_COLLATION_CONNECTION */;
/*!40111 SET SQL_NOTES=@OLD_SQL_NOTES */;

-- Dump completed on 2020-08-26 13:25:00
